,query,answer,punkts,enriched_queries_1
0,Каким образом нужно контролировать соблюдение установленных лимитов оп. риска и какие действия предпринимать при их превышении?,"Кредитная организация должна установить внутренний порядок контроля за соблюдением лимитов операционного риска (пунк 4.2 ) и использовать результаты мониторинга для принятия решений по управлению риском, включая меры реагирования на превышение лимитов ( пунк 2.1.5).","['4.2', '2.1.5']","Каким образом нужно контролировать соблюдение установленных лимитов оп. риска и какие действия предпринимать при их превышении? Кредитная организация должна установить лимиты на операции, связанные с операционным риском, и контролировать их соблюдение. Если лимит превышен, необходимо предпринять меры по снижению уровня риска, такие как пересмотр процедур или внедрение дополнительных контрольных мер."
1,"Как классифицировать события риска информационной безопасности в контексте типов событий оп риска, и какие требования предъявляются к их учету в базе событий?","Кредитная организация должна классифицировать события риска информационной безопасности по типам событий операционного риска, например, как ""нарушение организации, исполнения и управления процессами"" (пунк 3.6). Эти события фиксируются в базе событий с присвоением соответствующего вида операционного риска (пунк 7.3)","['3.6', '7.3']","Как классифицировать события риска информационной безопасности в контексте типов событий оп риска, и какие требования предъявляются к их учету в базе событий? События риска информационной безопасности должны быть классифицированы как события операционного риска и учтены в базе событий. При этом необходимо соблюдать требования по полноте, точности и своевременности учета таких событий."
2,Какие требования предъявляются к проведению тестирования информационных систем на уязвимости и как результаты должны использоваться в управлении риском информационных систем?,Кредитная организация должна ежегодно проводить тестирование уязвимостей информационных систем и разрабатывать мероприятия по их устранению (пунк 8.8.7). Результаты тестирования используются для повышения эффективности управления операционным риском путем реализации соответствующих мероприятий ( пунк 2.1.6).,"['8.8.7', '2.1.6']","Какие требования предъявляются к проведению тестирования информационных систем на уязвимости и как результаты должны использоваться в управлении риском информационных систем? Кредитная организация должна проводить регулярное тестирование информационных систем на наличие уязвимостей, а также проводить оценку их воздействия на бизнес-процессы. Результаты тестирования должны быть использованы для улучшения системы управления информационными рисками и обеспечения непрерывности бизнеса."
3,Какие есть меры по уменьшению негативного влияния операционного риска и как они должны быть интегрированы в процессы?,"Рекомендуемые меры включают регламентацию и актуализацию процессов, подбор и аттестацию персонала… (Приложение 3). Эти меры должны быть интегрированы в процессы кредитной организации как часть комплекса мероприятий по уменьшению негативного влияния операционного риска (пунк 2.1.6).","['3', '2.1.6']","Какие есть меры по уменьшению негативного влияния операционного риска и как они должны быть интегрированы в процессы? Кредитная организация должна разработать и внедрить меры по уменьшению негативного влияния операционного риска, включая использование автоматизированных систем контроля, регулярное обучение персонала и проведение стресс-тестов. Эти меры должны быть интегрированы в основные бизнес-процессы и процедуры управления операционным риском."
6,"Расскажи про требования по регулярному резервному копированию данных критически важных процессов, и как это связано с управлением оп риском?","Кредитная организация должна ежедневно резервировать данные критически важных процессов на резервные технические средства (пунк 8.8.3). Это мероприятие является частью комплекса действий по уменьшению негативного влияния операционного риска, поскольку обеспечивает сохранность данных и непрерывность операций (пунк 2.1.6).","['8.8.3', '2.1.6']","Расскажи про требования по регулярному резервному копированию данных критически важных процессов, и как это связано с управлением оп риском? Кредитная организация обязана регулярно осуществлять резервное копирование данных критически важных процессов, чтобы обеспечить их защиту и доступность в случае возникновения сбоев или инцидентов. Это является важным элементом управления операционным риском, так как позволяет минимизировать последствия возможных потерь информации и обеспечивает непрерывность бизнес-процессов."
7,Какую роль играет уполномоченное подразделение в проверке достоверности и полноты данных о потерях от операционного риска в базе событий?,"Уполномоченное подразделение проводит ежегодную независимую оценку информации о событиях операционного риска в базе событий (пунк 6.19) и регулярно оценивает эффективность функционирования системы управления операционным риском, что включает проверку достоверности и полноты данных о потерях (пунк 4.4).","['6.19', '4.4']","Какую роль играет уполномоченное подразделение в проверке достоверности и полноты данных о потерях от операционного риска в базе событий? Уполномоченное подразделение должно проводить регулярные проверки достоверности и полноты данных о потерях от операционного риска в базе событий, а также оценивать качество данных и их соответствие установленным требованиям. Это подразделение также должно обеспечивать документирование результатов проверок и предоставлять отчетность по ним руководству кредитной организации."
8,Какие доп. отчеты по оп. риску может устанавливать головная организация банковской группы для участников группы?,"Головная кредитная организация банковской группы может устанавливать дополнительные отчеты по операционному риску для участников группы, определяя их формы и порядок представления во внутренних документах (пунк 6.3). Это согласуется с общими требованиями по разработке отчетности в системе управления операционным риском (пунк 4.2).","['6.3', '4.2']","Какие доп. отчеты по оп. риску может устанавливать головная организация банковской группы для участников группы? Головная организация банковской группы может устанавливать дополнительные отчеты по операционному риску для участников группы, которые могут включать информацию о текущем состоянии системы управления операционным риском, а также предложения по улучшению этой системы."
9,Расскажи про меры которые нужно предусмотреть для предотвращения конфликтов интересов в управлении риском информационной безопасности?,"Кредитная организация должна обеспечить распределение функций и ответственности в сфере информационной безопасности таким образом, чтобы исключить конфликт интересов (пунк 7.7). Это достигается через четкое определение обязанностей и ответственности во внутренних документах (пунк 2.1.3).","['7.7', '2.1.3']","Расскажи про меры которые нужно предусмотреть для предотвращения конфликтов интересов в управлении риском информационной безопасности? Кредитная организация должна разработать и внедрить меры по предотвращению конфликтов интересов в управлении риском информационной безопасности, включая ограничение доступа сотрудников к конфиденциальной информации, регулярное обучение персонала по вопросам информационной безопасности и контроль за соблюдением установленных правил."
10,Какие требования предъявляются к формированию отчетов по событиям риска информационной безопасности и их предоставлению органам управления?,Служба информационной безопасности должна формировать специализированные отчеты по рискам информационной безопасности и предоставлять их коллегиальному исполнительному органу (пунк 7.10). Формы и порядок представления таких отчетов устанавливаются во внутренних документах в рамках общей системы отчетности по операционному риску (пунк 4.2).,"['7.10', '4.2']","Какие требования предъявляются к формированию отчетов по событиям риска информационной безопасности и их предоставлению органам управления? Кредитная организация должна формировать отчеты по событиям риска информационной безопасности, включающие информацию о времени и дате события, его типе, последствиях и принятых мерах. Эти отчеты должны предоставляться органам управления не реже одного раза в квартал."
12,Как использовать результаты мониторинга оп риска для принятия управленческих решений?,"Кредитная организация должна использовать результаты мониторинга операционного риска для принятия управленческих решений по управлению этим риском (пунк 2.1.5). Отчеты с результатами мониторинга предоставляются органам управления согласно установленному порядку (пунк 4.2), что обеспечивает информированность руководства и поддержку в принятии решений.","['2.1.5', '4.2']","Как использовать результаты мониторинга оп риска для принятия управленческих решений? Кредитная организация должна использовать результаты мониторинга операционного риска для принятия управленческих решений, направленных на снижение уровня риска и улучшение системы управления им. Это включает в себя анализ данных о событиях операционного риска, оценку эффективности мер по их минимизации и корректировку стратегий управления риском."
13,"Нужно ли регистрировать события оп риска которые привели только к качественным потерям, и какие внутренние документы для этого необходимы?","Кредитная организация должна определить во внутренних документах требования к регистрации событий операционного риска, которые привели только к качественным потерям (пунк 6.5), и определить эти потери в соответствии с внутренними документами (пунк 3.13.2).","['6.5', '3.13.2']","Нужно ли регистрировать события оп риска которые привели только к качественным потерям, и какие внутренние документы для этого необходимы? Да, необходимо регистрировать события операционного риска, которые привели только к качественным потерям. Для этого кредитная организация должна разработать и утвердить внутренние документы, устанавливающие порядок регистрации и учета таких событий, а также процедуры их анализа и оценки."
14,"Какие обязанности возлагаются на должностное лицо, ответственное за функционирование системы информационной безопасности, и как это связано с управлением оп риском?","Должностное лицо, ответственное за функционирование системы обеспечения информационной безопасности, несет обязанности по координации и контролю мероприятий в этой области, не участвуя в операционной деятельности (пунк 7.7). Это соответствует требованиям по распределению обязанностей и ответственности в системе управления операционным риском (пунк 2.1.3).","['7.7', '2.1.3']","Какие обязанности возлагаются на должностное лицо, ответственное за функционирование системы информационной безопасности, и как это связано с управлением оп риском? Должностное лицо, ответственное за функционирование системы информационной безопасности, обязано обеспечивать выполнение требований по защите информации, проводить мониторинг и оценку эффективности мер защиты информации, а также предоставлять отчетность о состоянии информационной безопасности руководству кредитной организации. Это связано с управлением операционным риском, так как информационная безопасность является одним из ключевых элементов управления операционными рисками."
